,mean_air_temperature,total_precipitation,mean_wind_speed
mean_air_temperature,1.0,0.018485389512255444,-0.07020680634109315
total_precipitation,0.018485389512255444,1.0,0.25261902835415245
mean_wind_speed,-0.07020680634109315,0.25261902835415245,1.0
