,mean_air_temperature,total_precipitation,mean_wind_speed
mean_air_temperature,1.0,0.010105478490614312,-0.07022990783841686
total_precipitation,0.010105478490614312,1.0,0.21220495625373859
mean_wind_speed,-0.07022990783841686,0.21220495625373859,1.0
