,mean_air_temperature,total_precipitation,mean_wind_speed
mean_air_temperature,1.0,0.018484710764976604,-0.07026168682791116
total_precipitation,0.018484710764976604,1.0,0.2527365308042106
mean_wind_speed,-0.07026168682791116,0.2527365308042106,1.0
