,mean_air_temperature,total_precipitation,mean_wind_speed
mean_air_temperature,1.0,0.018485389512255444,-0.07033492227131186
total_precipitation,0.018485389512255444,1.0,0.2532842748702637
mean_wind_speed,-0.07033492227131186,0.2532842748702637,1.0
