,NO2,PM10,PM2.5
NO2,1.0,0.44963975468440937,0.5981942349212328
PM10,0.44963975468440937,1.0,0.7313600473555085
PM2.5,0.5981942349212328,0.7313600473555084,1.0
