,NO2,PM10,PM2.5
NO2,1.0,0.4476486730221748,0.5760755968342753
PM10,0.4476486730221748,1.0,0.7830619606146203
PM2.5,0.5760755968342753,0.7830619606146203,1.0
