,NO2,PM10,PM2.5
NO2,1.0,0.5470363579275158,0.7104470055997752
PM10,0.5470363579275158,1.0,0.7735546055304943
PM2.5,0.7104470055997752,0.7735546055304943,1.0
