,NO2,NO2,NO2,PM10,PM10,PM10,PM2.5,PM2.5,PM2.5
,mean,median,std,mean,median,std,mean,median,std
year,,,,,,,,,
2010,26.61082273972603,22.9083,13.303893241745085,13.954762739726029,12.2083,7.604794922774314,9.076371780821917,7.3417,5.261127858497617
2011,22.44118821917808,19.7186,12.346894222871088,12.616428767123288,10.0958,8.175481283407814,7.583487671232876,6.1583,4.531498687852281
2012,21.119110655737707,17.25625,12.7379794967786,11.026480601092896,8.58685,7.42776608082711,6.90583087431694,5.56875,4.447441887709273
2013,21.219289315068494,18.3667,12.232996116198345,9.629263835616438,7.4917,7.119981864254633,5.540653150684932,4.4583,4.056797592533131
2014,18.119788767123286,15.0792,11.491961127185693,11.76216602739726,9.9,6.915820533719183,6.756005479452055,5.725,4.1006933545227495
2015,13.480346027397259,10.0667,8.886927186227833,7.960916712328768,6.5042,5.6013631207859795,4.72993698630137,3.9583,3.1631938400625357
2016,16.327577595628416,12.68125,9.732458204187868,7.926877049180328,5.85805,5.415104472017978,5.0238289617486345,4.204000000000001,3.137009451260215
2017,18.680214520547946,14.687,12.186535113571932,8.44724301369863,6.2955,6.240881658360999,5.43544,4.2292,3.4488359260595627
2018,20.716110684931508,16.4958,12.715803190113201,10.734337260273973,8.5625,7.3444782550711025,6.554177534246576,5.3833,4.15617582342328
2019,17.752961643835615,14.7208,10.03303126444371,9.712526849315068,7.9167,7.002260598258645,6.140005479452054,4.8875,4.19535804532657
2020,14.238536065573768,11.6136,6.994662870590423,7.12407131147541,5.84585,4.803906429942248,4.478695355191257,3.6104000000000003,2.9657330337654155
2021,16.942500273972602,14.8125,9.663392011520806,8.804445205479452,7.1292,6.175237675860171,5.939943835616438,4.3458,4.485395920792276
2022,10.606095616438356,7.7414,7.379572906868182,8.483013150684933,6.7533,6.099222223324616,5.0264273972602735,4.3417,2.9103757015439493
2023,4.690823561643835,4.6201,1.5178514846464135,8.397283561643835,6.3083,6.323596508643211,5.402767671232876,4.4375,3.654076453431621
2024,6.6751798165137615,5.2917,4.2720598047463705,11.83777247706422,9.7875,8.135951691855013,5.567505504587157,4.3667,3.494310500758363
